{"cameraMode":{"drawMode":0,"name":"Shaded","section":"Shading Mode"},"sceneLighting":false,"audioPlay":false,"sceneViewState":{"m_AlwaysRefresh":false,"showFog":true,"showSkybox":false,"showFlares":true,"showImageEffects":true,"showParticleSystems":true,"showVisualEffectGraphs":true,"m_FxEnabled":true},"in2DMode":false,"pivot":{"x":-0.9685583114624023,"y":-0.02791661024093628,"z":0.11438703536987305},"rotation":{"x":0.09584886580705643,"y":0.00895882211625576,"z":-0.0008627698407508433,"w":0.9953558444976807},"size":2.368543863296509,"orthographic":false}