{"cameraMode":{"drawMode":0,"name":"Shaded","section":"Shading Mode"},"sceneLighting":true,"audioPlay":false,"sceneViewState":{"m_AlwaysRefresh":false,"showFog":true,"showSkybox":true,"showFlares":true,"showImageEffects":true,"showParticleSystems":true,"showVisualEffectGraphs":true,"m_FxEnabled":true},"in2DMode":false,"pivot":{"x":-7.633708953857422,"y":0.4554481506347656,"z":1.2497482299804688},"rotation":{"x":0.0883224755525589,"y":0.037344884127378467,"z":-0.0033137493301182987,"w":0.9953859448432922},"size":44.46824645996094,"orthographic":false}